Topic,Topic_Label,Rank,Filename,Combined_Score,Keyword_Overlap,TF_IDF_Similarity,Document_Preview
0,"Topic_0: command, army, commander",1,doc_AY2014_264_para_262_1873.txt,4.829080620095522,9.0375,0.36776873365174073,opportune period implement fundamental reorientation u implement parallel raf concept u army opportunity realize incorporation operational strategic mission command total u army force mission command background origin mission command trace back century attribute prussian field marshal helmuth von face challenge similar face today von moltke recognize need revolutionize command time great technological social believe superior specify mission objective constraint allocate resource leave rest skill
0,"Topic_0: command, army, commander",2,doc_AY2017_120_para_1330_9407.txt,4.778870890216683,9.047619047619047,0.311803921278023,accept prudent long operation commence commander build cohesive team mutual trust realistic train challenge leader development effort plan process commander use mission order emphasize subordinate result attain achieve mission order contain commander intent clear concise expression operation desire end state support mission command provide focus staff help subordinate support commander act achieve commander desire result without order even operation fold unplanned mutual trust mission order inte
0,"Topic_0: command, army, commander",3,doc_AY2017_273_para_1483_10503.txt,4.7340509627641,9.055555555555555,0.3201980275474431,second consider addition another phase operation allow practice active influence communication action activity third integrate information stakeholder national level every level command build vision unity effort next create effective intelligence support io plan assessment purpose lastly invest iw platform leverage latest technology technique align globally synchronize integrate across combatant command mission command io first change must occur foment successful implementation io allow concept 
0,"Topic_0: command, army, commander",4,doc_AY2014_213_para_211_1515.txt,4.728321262490885,9.055900621118013,0.3100251050144183,mission command human endeavor army doctrine describe mission command decentralize command approach wherein superior dictate intent allow subordinate formulate operational plan independently change accord emerge situation intent mission command allow soldier operate complex environment make timely decision order disrupt enemy momentum army doctrine specifically define mission command exercise authority direction commander use mission order enable discipline initiative within commander intent emp
0,"Topic_0: command, army, commander",5,doc_AY2018_199_para_1794_12605.txt,4.722455593345365,9.0703125,0.27278720149167357,leader believe mission command replace command control term synonymous grasp conceptual relationship control decentralize execution make difficult leader apply doctrine everyday leadership clarify misunderstand surround mission command lieutenant general david perkins commander combine arm center give lieutenant general david perkins commander combine arm center give presentation explain shift army leadership philosophy first explain purpose unify land operation seize retain exploit initiative g
1,"Topic_1: uas, aircraft, aviation",1,doc_AY2017_296_para_1506_10662.txt,4.218856666182075,8.059701492537313,0.3583048109957343,early stag offset aim bring swarm system integrator akin operate system like io android swarm tactic sprinter application developer together realize agent swarm together intuitive user interface element grind mature program relate offset another darpa initiative call squad recent test camp edward massachusetts demonstrate ability small drone use computer vision artificial intelligence algorithm detect discriminate target carry replica mock unarm small uas identify track human target meet certain
1,"Topic_1: uas, aircraft, aviation",2,doc_AY2018_286_para_1881_13176.txt,4.212182797415158,8.142857142857142,0.3489134927095586,give link innovate new way apply technology existence professional dedicate cause many early example aerial machine new may new creative application drone term drone universally accept name unman machine different military service use different term uas instance air force use term remotely pilot lexicon army appropriate term unman aircraft system throughout paper term uas use describe military drone unman aerial machine simply refer drone importance innovation professional key military successfu
1,"Topic_1: uas, aircraft, aviation",3,doc_AY2017_369_para_1578_11163.txt,4.183457592201849,8.048192771084338,0.21940001329024694,paper focus need army aviation continue invest resource incorporate current advance uass along integration ai maintain technological superiority uas employment combine ai technology reduce number personnel place harm way increase speed historical use uas robert bunker provide information paper august map history uas first military use uas date ww unite kingdom uk conduct early test member involve test use biplane load dynamite determine plane could ram one german zeppelin use bomb british city d
1,"Topic_1: uas, aircraft, aviation",4,doc_AY2017_313_para_1523_10790.txt,4.173642140986819,8.083333333333334,0.21274675552893882,report documentation page navy note current shipboard air platform insufficient project power future conflict near peer competitor alleviate shortfall navy make concert effort increase investment unman air system uas technology navy strategic leader must prepare naval aviation community ensure uas integrate effectively efficiently fleet current navy man pilot culture might welcome major transition may present significant resistance uas play larger role naval aviation purpose paper identify poten
1,"Topic_1: uas, aircraft, aviation",5,doc_AY2024_206_para_3419_23975.txt,3.71242043447114,7.04,0.2657518565519062,defense management framework strategic choice provide unite state army war college provide model help strategic leader process challenge balance risk force structure readiness take army recent decision cancel future attack reconnaissance aircraft fara scout helicopter design replace legacy kiowa warrior fill army aviation gap man aerial scout reconnaissance platform decision part larger reorganization army aviation program aim free resource investment particularly uas major implication future un
2,"Topic_2: operation, headquarter, commander",1,doc_AY2016_330_para_1152_8172.txt,4.778195268108178,9.084905660377359,0.3791887410555348,provide theater level mission command focus combat support perform army support corp operate area relieve corp perform executive agent responsibility gcc importance function perform role ascc understate focus shape theater joa unencumbering allocate organization daily task allow headquarter capability deployable jtf joint force land component command jflcc capable headquarter response crisis commander central command centcom recently use capability designate theater army army support operation i
2,"Topic_2: operation, headquarter, commander",2,doc_AY2017_270_para_1480_10480.txt,4.287380740814839,8.077669902912621,0.4195025129917876,army service component command ascc set condition successful use landpower theater usareur eucom ascc theater strategic army headquarter responsible title administration assign force force operational control addition usareur serve executive agent numerous support function meet army support service asos common user logistics cul command army force support engagement theater army commander match army capability joint requirement oversee arrival army force theater ensure soldier across area respon
2,"Topic_2: operation, headquarter, commander",3,doc_AY2014_180_para_178_1281.txt,4.246970060150482,8.119402985074627,0.376001608355953,document provide base line jtf hq staff use base support host service function staff requirement associate jtf hq organize base specific mission note version jp use compare doctrine time joint base amalgamation process use create new base operation organizational structure involve base commander staff accordance doctrine limit extent jmds develop equivalent jmd position jbig joint base integrate jbi billet establish fill military personnel support component throughout joint base command structur
2,"Topic_2: operation, headquarter, commander",4,doc_AY2015_107_para_491_3478.txt,4.225452508723093,8.10126582278481,0.2446705253812524,asoc assign corp level accordance joint need discussion unit cease echelon command instead need fulfill joint role joint fire support grind commander base upon role unit assign whether unit corp december new version jp publish may call practice question specifically new jp state air support operation center asoc primary control agency within theater air control system tacs execution air operation directly support land operation within airspace asoc extension directly subordinate joint air operat
2,"Topic_2: operation, headquarter, commander",5,doc_AY2018_024_para_1619_11433.txt,4.215674031211349,8.081632653061224,0.23297721891215017,example pacom deployable joint force augmentation cell djfac assist stand jtf headquarter personnel service part train audience wfxs usaf come air support operation squadron asos support division joint air grind integration center jagic per jp army technique publication air force tactic technique procedure air component coordination element acce support corp headquarter usmc usn personnel asset maritime plan cell replicate wfxs recreate coordination joint fire service example airborne division c
3,"Topic_3: guard, reserve, army",1,doc_AY2022_233_para_2932_20507.txt,4.781057602415365,9.04245283018868,0.29236658399937887,although artifact remain pillar national guard culture revolutionary crisis also bring mobilization inefficiency militia inconsistent dependability later attribute issue inadequacy pay equipment train several year later president washington affirm militia legitimacy object primary importance national security community preserve volunteer period represent national expansion civil war drive institutional development state federal level scale scope period war expose militia limitation tension autho
3,"Topic_3: guard, reserve, army",2,doc_AY2019_025_para_1924_13511.txt,4.2506124135485726,8.091954022988507,0.40737053210025853,time demand army national guard service remain stable soldier throughout first two era become demand army national guard transition operational three policy define formative era policy change way army utilize reserve component army chief staff general creighton abrams credit policy place many support unit reserve component ensure future war would involve citizen soldier abrams doctrine intend ensure widespread support american public would condition u participation future force policy end conscr
3,"Topic_3: guard, reserve, army",3,doc_AY2018_051_para_1646_11616.txt,4.249122272306876,8.053691275167786,0.28637666119781857,despite consider strategic reserve reserve component force use regularly operational force accord title code purpose reserve component provide train unit qualify person available active duty arm force time war national emergency time national security may require fill need arm force whenever unit person need regular congress adhere responsibility give constitution raise support army historically use reserve rapidly increase size army minimize overhead expense maintain large stand army unite stat
3,"Topic_3: guard, reserve, army",4,doc_AY2020_090_para_2383_16699.txt,4.248928028121754,8.051612903225806,0.3093951540194058,recognize impact improve readiness deployment cycle increase personnel tempo perstempo affect employer family community senior leader must determine meet exist endure requirement simultaneously support inherent nature arng sustainable readiness model srm replace arforgen guard capitalize change army need design allow arng respond quicker effectively variety mission worldwide achieve desire outcome request csa arng accept combat train center ctc rotation guard priority combat unit abcts sbcts req
3,"Topic_3: guard, reserve, army",5,doc_AY2017_023_para_1233_8707.txt,4.241108835770655,8.062992125984252,0.2926486365344913,guard readiness tumble vietnam period variety reason become know draft dodger lead secretary defense melvin laird announce total force concept august state core national guard army reserve unit bear burden national defense concept flounder three year laird successor jam schlesinger implement total force policy specific plan program bring active duty personnel closer concert army chief staff general creighton abrams completely support policy intent link military foreign conflict american people b
4,"Topic_4: raf, alignment, division",1,doc_AY2017_258_para_1468_10399.txt,4.183633394745401,8.089887640449438,0.23619716860177492,allocation assignment process previous model use support combatant commander requirement however aspect apportionment allocation assignment le optimal recent conflict army continue draw overseas force base assignment additional force combatant commander unfeasible allocate force method use fight war afghanistan iraq method often fall short combatant commander requirement regional expertise transition peacetime army expeditionary apportionment force provide start point plan lack habitual command 
4,"Topic_4: raf, alignment, division",2,doc_AY2014_309_para_307_2204.txt,4.175826115968067,8.08421052631579,0.2312723356349069,coalition operation jtfs must leverage u liaison officer joint pub highlight importance complexity advise commander staff must account difference partner law doctrine organization weapon equipment terminology culture politics religion language jtfs use multinational officer key position underscore inclusion gain clarity cultural difference experience regional perspective habitual nature raf increase common vision headquarter corp habitual alignment especially important military personnel exchang
4,"Topic_4: raf, alignment, division",3,doc_AY2015_282_para_666_4712.txt,3.6655364140487445,7.075268817204301,0.17862596994251315,report documentation page army establish regionally align force raf policy way provide combatant commander ccdrs tailor globally responsive regionally engage consistently available force order fully realize potential raf maximize utility army force ccdrs army must address four issue first army must conduct effective information campaign communicate value raf internal external audience second army must establish raf unit alignment combatant command ccmds reduce raf unit rotation third army assign
4,"Topic_4: raf, alignment, division",4,doc_AY2014_252_para_250_1800.txt,3.6611165038793674,7.075268817204301,0.1638929360445883,report documentation page army regionally align force raf concept viable approach provide train ready force combatant commander ccdrs paper examine impact raf concept movement maneuver warfighting function wff specific brigade combat team bct evidence indicate raf concept increase demand reconnaissance operation meet correspond information requirement examination raf concept current army force generation arforgen process suggest current system require adjustment support readiness management phil
4,"Topic_4: raf, alignment, division",5,doc_AY2014_264_para_262_1874.txt,3.655343091901112,7.073684210526316,0.17555191722210786,train requirement establish combatant command articulate support army service component raf concept project take five year fully implement first u army unit task raf concept armor division align u central command centcom focus levant region eastern mediterranean specifically jordan armor brigade combat team infantry division align africa command africom major mission conduct horn africa south africa uganda initial lesson learn concern raf implementation publish unit mission command regionally al
5,"Topic_5: logistics, logistician, management",1,doc_AY2015_014_para_398_2823.txt,4.286499059772621,8.051948051948052,0.23173857863660474,observer documentation affirm major combat operation traditionally successful even sustainment combatant command service component major operation see moderate progress address supply chain management weakness note supply chain sustainment issue budgetary constraint defense science board recommend creation single defense logistics organization increase supply chain efficiency effectiveness much lower cost propose framework envision organization rapidly integrate supply chain function balance cos
5,"Topic_5: logistics, logistician, management",2,doc_AY2019_010_para_1909_13383.txt,4.215781178392783,8.057553956834532,0.19889519945702688,ensure comprehensive solution addition strategy provide army efficiency associate precise logistics comprehensive plan ensure continuous movement forward coordinate fashion avoid false start solution fit within context term goal allow u evolve today environment separate distinct platform business process fully integrate environment provide near global visibility equipment supply shipment associate finance eliminate age legacy homegrown army logistics system internet accessible integrate solution
5,"Topic_5: logistics, logistician, management",3,doc_AY2019_198_para_2097_14693.txt,4.206983358825153,8.058394160583942,0.19354365047392919,graphic example dod supply chain demonstrate key nod point potentially automate interdiction example past dod supply chain technology improvement transportation command transcom transportation component command commit provide core capability visibility shipment military service global transportation network gtn gtn system record visibility itv data gtn combine dla integrate data environment ide form convergence igc initial operational capability response almost total lack content visibility thou
5,"Topic_5: logistics, logistician, management",4,doc_AY2023_180_para_3125_21874.txt,3.713148045583399,7.05982905982906,0.22323513296774283,historical case study world war ii past prologue section include case study world war ii logistic mission command evolve importance observation pertinent joint environment centralize logistics daunt endeavor military employ maritime air grind operation defense industrial base world war ii attack pearl harbor army strategic leader decide establish centralize control leverage unity command army logistics single commander one important effect reorganization group great majority logistic activity ar
5,"Topic_5: logistics, logistician, management",5,doc_AY2016_278_para_1100_7798.txt,3.7005691124689304,7.08641975308642,0.26616861802229724,success failure entire operation lie within goal understand unique demand theater operational environment expect translate requirement maneuver combat operation concurrently relate impact across three level war operational logistician must require extensive knowledge train dod supply chain complexity dod supply chain order provide operational logistics army use internal resource leverage strategic logistics partner understand capability capacity foot print resource enable operational logistician
6,"Topic_6: readiness, unit, train",1,doc_AY2018_137_para_1732_12195.txt,4.786420511734103,9.065217391304348,0.26336222158542966,sustainable readiness model align directly current guidance army chief staff improve readiness decisive action foster one army approach integrate ac reserve component rc include army reserve arng arforgen army readiness center know emergent need coin environment namely provide rotational unit operation endure freedom oef operation iraqi freedom oif srm army readiness shift focus know emergent contingency requirement decisive action threat general milley identify srm design three component type u
6,"Topic_6: readiness, unit, train",2,doc_AY2014_021_para_20_153.txt,4.752917706377812,9.115384615384615,0.32791668328239204,predictability operational readiness critical timeliness responsiveness two assumption make army operate concept aoc relevant raf arng consider implementation raf first army continue employ arng army reserve routine basis part operational force second army continue use arforgen model unit replacement train resource predictability govern deployment reset time train aoc reinforce department defense directive dodd establish october dodd establish reserve component rc operational force service secre
6,"Topic_6: readiness, unit, train",3,doc_AY2018_183_para_1778_12504.txt,4.281214477841534,8.074766355140186,0.3613274313509992,sequence deployment program theater campaign plan army prioritize readiness accord deployment sequence result active unit manage high readiness reserve component clearly suggest readiness risk associate tiered readiness readiness statistic show prioritize unit maintain high level readiness others much lower readiness many case receive fraction personnel equipment train contrast current army force generation model sustain readiness model use cyclic readiness management allow every unit army guard
6,"Topic_6: readiness, unit, train",4,doc_AY2020_005_para_2299_16094.txt,4.247207837550507,8.052287581699346,0.1804497094752177,doctrine also define operational readiness narrowly capability ship weapon system equipment perform mission function organize design army regulation ar direct unit report readiness monthly use metric associate equipment preparedness personnel man level number train day supply level identify strength besides determine unit prepare conduct wartime mission readiness report help identify necessary resource need unit increase readiness level contribution make unite state army reserve usar span nation
6,"Topic_6: readiness, unit, train",5,doc_AY2015_041_para_425_3014.txt,4.226307581609674,8.086021505376344,0.24616003341287757,service charge ensure rc force participate across full spectrum mission home abroad army total force policy direct procedure process validate readiness assign force uniform ac rc unit soldier however impend challenge army continue fund readiness operational reserve point operational reserve fund almost exclusively overseas contingency analysis challenge opportunity total force total force policy provide professional design mutually beneficial relationship ac rc force however policy must evolve m
7,"Topic_7: domain, mdo, operation",1,doc_AY2018_074_para_1669_11792.txt,4.2971455922825035,8.041884816753926,0.2994182497573759,battle military answer operate effectively counter compete peer adversary conduct expect warfare century operational environment incorporate battle concept eucom solution tailor address russian threat ensure european theater joint multinational force align future vision capable deter dominate battle envision enable convergence capability create window advantage often temporary across multiple domain contest area throughout depth battlespace seize retain exploit initiative defeat enemy achieve mi
7,"Topic_7: domain, mdo, operation",2,doc_AY2019_175_para_2074_14533.txt,4.242466819017064,8.062992125984252,0.2883751723019095,tactical success physical domain equal strategic success unless mean psychological effect tactical action unambiguously convey powerful narrative belligerent common operate concept guide necessary dotmlpf change army ircs turn reduce unnecessary friction achieve informational effect technical influence mean information army mdo discus current state army ircs information environment section evaluate army current concept operation mdo examine mdo address future ie army mdo concept describe ie envi
7,"Topic_7: domain, mdo, operation",3,doc_AY2019_235_para_2134_14962.txt,4.222507330953395,8.048484848484849,0.1841028366113861,doctrinal imperative interoperability spur notion traditional approach achieve superiority air land sea domain may longer valid general martin dempsey pose question joint one possible answer lie within development concept offer operation shift away conventional think mass coordinate combine effect solely physical domain methodology require think military problem solve way operation focus achieve effect rather maintain traditional distinct component multidomain operation stem idea disruptive tech
7,"Topic_7: domain, mdo, operation",4,doc_AY2021_040_para_2578_18074.txt,4.220668281060995,8.1,0.32121625162746636,military space force achieve national military objective operate definition concept fully develop resourced framework department defense military service continue determine participate environment analysis follow examine army understand role action take compete army concept operation core concept operation force must ability engage generate effect one five domain others historically army execute operation typically compete land domain land domain remain army primary operational domain operationa
7,"Topic_7: domain, mdo, operation",5,doc_AY2021_035_para_2573_18035.txt,4.198719265044763,8.07843137254902,0.22208107268102822,change plan develop new capability system process outthink outmaneuver specifically army intend rapidly deploy force contest environment transition military operation deter adversary threshold declare support rapid transition military operation army see need strengthen human interoperability team ally improve human component army formation enhance ability make decision faster underpin army new mdo doctrine iwff operational speed require optimize method collect information faster produce precise 
8,"Topic_8: manufacture, print, technology",1,doc_AY2016_002_para_825_5863.txt,4.313081164902181,8.04102564102564,0.3085611479645365,process build item grind name additive manufacture come add thinly slice layer material produce finish process build grind additive manufacture differ traditional manufacture manufacture process subtractive mean item produce remove material usually involve cut drill material away produce figure depict additive process differ subtractive scanner use current technology like light volumetric scan many generate technology commercial company search new way maximize usage company like microsoft google
8,"Topic_8: manufacture, print, technology",2,doc_AY2019_008_para_1907_13366.txt,4.267199537571005,8.07843137254902,0.42118395600460606,additive manufacture often reference print innovative technology change way industry produce variety product provide ability print part assembly well large size prototype print example unite state air force use print produce part aircraft especially hard get part age equipment like unite state marine corp also first print ammunition weapon part recently add print fully operational unman aircraft system uas drone print technology allow print function system one process mean electrical circuitry i
8,"Topic_8: manufacture, print, technology",3,doc_AY2023_233_para_3173_22218.txt,3.7255763900621117,7.044303797468355,0.16776676262405846,across dod begin capability produce small part tool advance substantially size structure equipment u army corp engineer commence automate construction expeditionary structure ace project produce automate construction expeditionary structure ace project produce print build structure field environment use concrete compare conventional construction ace project demonstrate ability decrease construction time four five day le three day manpower eight personnel three material ship five ton le two half 
8,"Topic_8: manufacture, print, technology",4,doc_AY2023_233_para_3173_22220.txt,3.723861918550378,7.041666666666667,0.1621039702674543,ip right many part manufacture via technology belong manufacturer support defense industrial base mean technical data without right approval use technical data print permanent replacement part pose litigation liability concern fabricate temporary replacement part field expedient repair possible follow prescribe technical data could potentiate risk catastrophic failure dod strategy call challenge note awareness need develop policy business digital security challenge need dod consideration securit
8,"Topic_8: manufacture, print, technology",5,doc_AY2018_267_para_1862_13048.txt,3.7132402262812776,7.0479452054794525,0.19658154644143533,anticipate product begin emerge within five ten marine corp also recently one recent commandant message video feature additive manufacture device lay successive layer extrude polymer forward operational area tent canvas arid deploy army marine corp recently partner contract unman aerial system uas component produce point need via additive dod develop additive manufacture roadmap response government accountability office report recommendation dod comprehensive systematic since dod publication ind
9,"Topic_9: mobilization, mfgi, unit",1,doc_AY2023_093_para_3041_21282.txt,4.804151585048163,9.074380165289256,0.3047802541439912,current mobilization force generation installation mfgi plan identify contingency installation handle increase volume mobilization operation may require however need significant investment mfgi meet force deployment data requirement combatant commander rand study identify desirable recommendation improve readiness reserve force preemptive investment couple early mobilization sequence priority reserve unit study clearly suggest bias toward focus train contingency source readily deployable unit re
9,"Topic_9: mobilization, mfgi, unit",2,doc_AY2023_149_para_3096_21663.txt,4.804151585048163,9.074380165289256,0.3047802541439912,current mobilization force generation installation mfgi plan identify contingency installation handle increase volume mobilization operation may require however need significant investment mfgi meet force deployment data requirement combatant commander rand study identify desirable recommendation improve readiness reserve force preemptive investment couple early mobilization sequence priority reserve unit study clearly suggest bias toward focus train contingency source readily deployable unit re
9,"Topic_9: mobilization, mfgi, unit",3,doc_AY2023_093_para_3041_21277.txt,4.743045854444393,9.08108108108108,0.2277603290465967,staff across four section general schedule g civilian lead staff five section lead director consist even split g augment lrc increase permanent civilian support require replace supply service division maintenance division installation transportation office provide similar function could expand replace service mobilization support force formerly moreover phase contract personnel support preemptive performance work statement review sit shelf ready activate surge capability support mobilization ope
9,"Topic_9: mobilization, mfgi, unit",4,doc_AY2023_149_para_3096_21658.txt,4.743045854444393,9.08108108108108,0.2277603290465967,staff across four section general schedule g civilian lead staff five section lead director consist even split g augment lrc increase permanent civilian support require replace supply service division maintenance division installation transportation office provide similar function could expand replace service mobilization support force formerly moreover phase contract personnel support preemptive performance work statement review sit shelf ready activate surge capability support mobilization ope
9,"Topic_9: mobilization, mfgi, unit",5,doc_AY2023_020_para_2968_20743.txt,4.293622617868763,8.082474226804123,0.3940276309227623,mobilization operation capability gap pace item n china event conflict china possibility mobilization operation lsmo become reality reserve infantry regiment fill two capability gap immediately activation regard lsmo two gap lsmos need mobilization support force msf assist unit au force mobilization force generation installation mfgis expansion create cadre structure additionally use regiment capacity align force generation force pool component rearmm army reserve mission force army mobilization
10,"Topic_10: army, arng, reserve",1,doc_AY2015_319_para_703_4969.txt,4.693356266929535,9.04390243902439,0.23452903199900718,arng usar particularly well suit two type operational overseas mission set endure peacetime engagement predictable offer rc unit ability prepare rotational forward presence mission example arng much experience state partnership program spp help build security cooperation build partner capacity ally around globe additionally army use rc peacetime engagement around world place like egypt sinai bosnia kosovo cuba gitmo overseas engagement similar offer opportunity rc integrate ac remain relevant re
10,"Topic_10: army, arng, reserve",2,doc_AY2024_014_para_3233_22668.txt,4.6923366276078236,9.085714285714285,0.36672533780869976,utilize arng capability part army future force structure present strategy balance readiness defense expenditure management arng operational cost generally lower ac primarily due status personnel different pay structure save force structure cost allow army put resource modernization technology upgrade essential future warfighting capability additionally arng usar ability mobilize deploy rapidly provide strategic reserve enhance army readiness without continuous financial commitment require active
10,"Topic_10: army, arng, reserve",3,doc_AY2017_160_para_1370_9732.txt,4.664644018910362,9.05521472392638,0.20566778025739124,average availability rate percent ensure critical unit man average availability rate percent without type adjustment man policy arng would force cross level critical unit early contingency create wide spread deficiency unit cannibalize produce personnel fill unit require cross level level process repeat multiple time last fifteen year begin difficult recover become subsequent deployment require progressively propose approach require relatively accurate determination critical arng as requirement 
10,"Topic_10: army, arng, reserve",4,doc_AY2024_014_para_3233_22667.txt,4.167019999634287,8.089887640449438,0.30228681626806764,expand role arng unique regional insight capability crucial maintain high readiness across echelon emphasize arng strength overall force mix advance technology operational concept vital effective response diverse threat resource optimization include revise formulate policy facilitate effective integration arng usar ac policy must address joint train standard equipment compatibility deployment protocol benefit alignment army enhance operational effectiveness entire force consider unique aspect re
10,"Topic_10: army, arng, reserve",5,doc_AY2015_319_para_703_4970.txt,4.162870459146773,8.049689440993788,0.21195425588823563,fund project allocate army base operate budget continue deployment arng usar unit support operational overseas mission many advocate arng usar worry without rc involvement operational overseas mission army may reduce budget last decade war army go great length ensure better access rc development new rotational deployment policy include authority title section secretary army call rc soldier support preplanned name mission requirement combatant currently authority combatant commander ccdrs call rc
11,"Topic_11: force, domain, warfare",1,doc_AY2021_017_para_2555_17933.txt,4.299211559390905,8.037383177570094,0.26839990201952435,army civilian reduce risk operation word abstract world change rapidly become competition space economic political military dominance emerge new alliance globally morph shape security unite state army part joint force land component within environment must adapt force consist military dod civilian one team operate seamlessly within competition national defense strategy discus competition primarily china russia advancement technology battle narrative increase threat weapon mass army doctrine publ
11,"Topic_11: force, domain, warfare",2,doc_AY2019_369_para_2268_15863.txt,4.2384988652617315,8.071428571428571,0.34930103402157286,national level document fill language description refocus center unite state emerge operational environment competition especially reference china russia central idea operation publish army force element joint force conduct operation prevail competition necessary army force penetrate enemy access area denial system exploit resultant freedom maneuver achieve strategic objective win force return competition favorable term biggest update since win complex world concept base evolve understand operat
11,"Topic_11: force, domain, warfare",3,doc_AY2023_056_para_3004_21002.txt,3.6990963645927772,7.08235294117647,0.2627893314955606,information author lieutenant colonel frank maxwell date february abstract army modernization priority fire domain focus new munition extend cannon artillery range overlook essential field artillery brigade force structure gap mismatch capability delivery system ability provide organic sustainment additionally imbalance active reserve component field artillery brigade force structure prevent army corp commander adequately shape corp area operation address capability gap army must change active r
11,"Topic_11: force, domain, warfare",4,doc_AY2022_134_para_2843_19883.txt,3.6819039248688683,7.073684210526316,0.149250955514737,report documentation page rise power begin formulate new creative way supplant unite state strongest great power world moment thrust position prc russia adopt hybrid warfare erode unite state strength incrementally achieve political objective without resort arm change character war lag reason change character war jeopardize unite state position especially prc russia already adapt hybrid warfare achieve interest incrementally increase relative power arrest unite state decline relative power natio
11,"Topic_11: force, domain, warfare",5,doc_AY2019_302_para_2201_15399.txt,3.669374837526956,7.092105263157895,0.2200520523004304,report documentation page joint force need operation mdo deter defeat russian chinese aggression competition conflict army need evolve train division corp service component command fight tactical operational level brigade train dominate army resource leader development readiness train many reason unlike model echelon brigade lack rigor army must develop train regimen proper structure unit prepare compete domain area denial environment coordinate five domain contest environment offer opportunity 
12,"Topic_12: replacement, leader, army",1,doc_AY2017_319_para_1529_10830.txt,3.306066148366452,6.037267080745342,0.3267777156918721,however army predominantly use first system since world war ii examination experience replacement train institution provide insight challenge army institute program replacement train army develop policy procedure within seven category use joint army acquisition community capability development category include organization doctrine train materiel leadership education personnel category play important role creation army replacement train system world war ii use framework understand army approach 
12,"Topic_12: replacement, leader, army",2,doc_AY2015_089_para_473_3355.txt,3.2656650977657455,6.043795620437956,0.31079084070359553,also necessary army instill mission command philosophy facet train leader train system train must change decentralize operation define recent war afghanistan iraq portend army continue operate decentralize manner future conflict however army predilection centralization result paradigm make train drive rather activity exacerbate decade plus employ road war train army practice relentlessly add number mandatory train requirement make virtually impossible unit fulfill train obligation army effective
12,"Topic_12: replacement, leader, army",3,doc_AY2016_214_para_1036_7351.txt,3.2153315147780566,6.0576923076923075,0.2447038532830222,commander initiative plan subordinate leader development environment create higher headquarter direct train plan foster trust subordinate time impact unit climate stifle initiative contrary mission command philosophy senior commander must set condition focus train staff create environment subordinate leader plan good quality train turn result retention quality soldier within arng due confidence ability leader current battalion brigade division commander experience constrain environment war drawd
12,"Topic_12: replacement, leader, army",4,doc_AY2015_130_para_514_3650.txt,3.20728644296633,6.048780487804878,0.21389427956514856,leader must refrain make immediate decision instead use tactical patience allow subordinate time react advancement hand experience adept synthesizer understand power affect outcome give scenario force proper education train use technological tool provide contextual example lead organization army train enable decentralization highlight train program exercise must compel unit operate degrade system degrade condition contact superior considerable period time practice mission command challenge take 
12,"Topic_12: replacement, leader, army",5,doc_AY2018_200_para_1795_12612.txt,3.2056075074324637,6.073170731707317,0.2571645001979015,combat train center second indirect tool use evaluate army leader unit overall focus primarily active duty unit number available ctc rotation permit national guard reserve rotation annually operational unit enablers conduct ctc rotation personnel assign generate force unit include train command medical command approximately million soldier active duty army reserve army national guard active active operational force consist soldier give ctc opportunity train evaluate le total army designate opera
13,"Topic_13: brigade, bcts, battalion",1,doc_AY2015_282_para_666_4716.txt,4.745271882964075,9.11111111111111,0.3267467323873757,uspacom ccmd delegate opcon infantry division ascc usarpac usarpac maintain opcon infantry division organic unit include headquarter battalion two infantry brigade aviation brigade division artillery brigade brigade assign infantry division rotate arforgen process complete combat train center ctc rotation achieve highest army train readiness rat forscom manage arforgen process army result rat brigade army source meet example process may deployment warrior brigade infantry division hawaii fort ir
13,"Topic_13: brigade, bcts, battalion",2,doc_AY2015_032_para_416_2948.txt,4.228230756697231,8.097560975609756,0.34585987066681956,addition three combine arm battalion consist artillery battalion cavalry engineer battalion support battalion sbct mechanize infantry force focus around stryker armor vehicle sbcts balance combine arm capability significant strategic mobility sbct consist three infantry battalion artillery battalion cavalry squadron brigade support battalion brigade headquarter company engineer battalion stryker brigade stryker vehicle approximately soldier average take active duty stryker brigade combat team re
13,"Topic_13: brigade, bcts, battalion",3,doc_AY2014_336_para_334_2394.txt,3.772500746725638,7.033816425120773,0.1853084472175043,today ctc rotation require brigade combat team simultaneously defeat force neutralize grow insurgency integrate interagency partner train partner fledgling military cooperate organization protect accord colonel paul calvert commander operation group biggest difference decisive action rotation rotation run complexity enemy well guerrilla insurgency criminal difficult task even highly train unit lesson army learn afghanistan iraq identify case date approach allow combat brigade battalion maintain 
13,"Topic_13: brigade, bcts, battalion",4,doc_AY2022_181_para_2886_20199.txt,3.7414789511206124,7.112903225806452,0.3295783068784674,report documentation page army transition operation concept support theater army experience shift brigade army formation support large scale combat operation change must cause army reevaluate posture corp theater signal brigade subordinate expeditionary signal battalion must address organization align train deploy win complex environment support army service component command army create requirement integrate communication within unit support deployment brigade combat team combat operation iraq 
13,"Topic_13: brigade, bcts, battalion",5,doc_AY2020_018_para_2312_16192.txt,3.723926136873433,7.058333333333334,0.25740336222768356,operation short war arng bcts successfully meet operational requirement lower state readiness however train strategy must align attainable level sustain train readiness commander manage personnel equipment readiness work subordinate commander meet lower level collective readiness objective mobilization however man process use manage personnel reserve component equivalent ac provision must make accommodate difference simply significant manpower shortfall must resolve personnel mobilization compan
14,"Topic_14: reserve, army, operational",1,doc_AY2016_202_para_1024_7258.txt,4.8121679307021825,9.155172413793103,0.5455957125739556,report documentation page maintain operational reserve army critical meet demand army order maintain operational reserve train construct utilization army national guard army reserve must change increase train time along predictable use reserve way maintain operational reserve army achieve operational readiness implementation train mobilization cycle new cycle maintain current train model four year fifth year train additional day mobilize day upon completion validation train unit support mission 
14,"Topic_14: reserve, army, operational",2,doc_AY2017_196_para_1406_9973.txt,4.811196930554116,9.06,0.3955170817801653,popular opinion within dod suggest answer operational army reserve force capable mobilize deploy minimal time necessary provide immediate advantage active component must remain operational force retire lieutenant general jack stultz former commander unite state army reserve command say expect army reserve unit soldier achieve maintain require level operational readiness need respond rapidly without long period train unforeseen force force operational force active army fiscal constraint downsize 
14,"Topic_14: reserve, army, operational",3,doc_AY2018_102_para_1697_11973.txt,4.348181812408386,8.057142857142857,0.40316058826366236,readiness standard achieve use additional personnel current objective standard brief national commission future army define application standard across total brief departure previous standard define subjective standard replace subjectively measure accord unit assign mission level four train rat determine level train proficiency le unit train measure four area mission essential task proficiency qualification collective exercise train day army reserve unit receive train ready mobilization standard
14,"Topic_14: reserve, army, operational",4,doc_AY2024_050_para_3269_22897.txt,4.273529658587357,8.055555555555555,0.3130413864221188,first operational force must routinely participate mission secondly train employment operational force must nest national defense dodd clarify reserve transition strategic operational force final sentence example link reserve component strategic operational historical context legislative action shape army reserve evolution essential understand transition operational reserve rand corporation study title sustain army reserve component operational force provide two compete theory reserve transition
14,"Topic_14: reserve, army, operational",5,doc_AY2018_028_para_1623_11456.txt,4.270621912641005,8.055555555555555,0.31672682635568605,assist reserve component achieve end congress direct active component provide officer noncommissioned officer advise assist reserve component unit plan execute strategy implement wide range improvement rcs train support assign regular army advisor rc unit later reduce increase quantity quality support associate arng combat unit regular army combat unit give regular army commander brigade level higher responsibility approve arng unit train program review readiness report as resource requirement v
15,"Topic_15: capability, army, artillery",1,doc_AY2019_235_para_2134_14964.txt,4.19445118558784,8.062015503875969,0.1824926049198073,capability resident within division fire command least effectively integrate limit resource complex environment absent active integrator independent system continue operate silo behest branch individual desire charge herculean task convergence select army field artillery unit demonstrate inherent complexity achieve level interoperability require operation mdtf design help define command control relationship identify command authority model force composition integrate within joint target accordin
15,"Topic_15: capability, army, artillery",2,doc_AY2023_185_para_3129_21905.txt,3.7512872189010094,7.051470588235294,0.215607865219902,theater ffahq need balance physical protection air defense concealment deception survivability move retain sufficient combat power meet joint force commander target objective additionally theater ffahq need balance protection measure requirement maintain window fire capability provide missile fire direct integrate air task order conclusion recommendation end fiscal year army field initial battery hypersonic weapon capability provide joint force first fire capability beyond thirty year lrhw mrc c
15,"Topic_15: capability, army, artillery",3,doc_AY2023_138_para_3085_21552.txt,3.746759079704013,7.059322033898305,0.23573750386885806,accredit agency recognize secretary education council higher education accreditation information title missile fire consideration theater army integration author col paul lashley ltc andrew hercik abstract unite state withdraw nuclear force inf treaty russia since army undertake drastic change indirect fire capability organizational structure maintain pace ultimately outpace competitor like china russia paper focus identify understand area friction theater army level employ strategic fire system
15,"Topic_15: capability, army, artillery",4,doc_AY2023_185_para_3129_21898.txt,3.746759079704013,7.059322033898305,0.23573750386885806,accredit agency recognize secretary education council higher education accreditation information title missile fire consideration theater army integration author col paul lashley ltc andrew hercik abstract unite state withdraw nuclear force inf treaty russia since army undertake drastic change indirect fire capability organizational structure maintain pace ultimately outpace competitor like china russia paper focus identify understand area friction theater army level employ strategic fire system
15,"Topic_15: capability, army, artillery",5,doc_AY2023_138_para_3085_21560.txt,3.715398775406626,7.068627450980392,0.21231248522867982,ultimately risk acceptance overall risk mitigation strategy reside policy level aspect risk management fall upon theater army lrhw mrc deploy theater army ffahq need manage system posture movement exercise maintain congruence public declaration purpose intent theater army must ensure message align statement intent consider scope nature operation unrelated strategic fire system minimize chance adversary perception incongruent state national intent theater fire domain fire command structure recomm
16,"Topic_16: train, unit, readiness",1,doc_AY2020_022_para_2316_16217.txt,4.8098561080718625,9.083333333333334,0.3786809618892249,two critical aspect train examine include implementation unit train readiness report assessment increase number annual combat train center rotation rc brigade combat team bcts preparation rand report still initial stag implementation tremendous amount difficulty rc unit attempt meet readiness criterion find change army national guard unit typically approximately train time compare ac counterpart achieve sustainable readiness model readiness level arng unit likely fail meet objective without sign
16,"Topic_16: train, unit, readiness",2,doc_AY2018_137_para_1732_12196.txt,4.2828646130309584,8.091954022988507,0.36750015650517587,demand force day per year unit standard train year consist drill day unit readiness mandatory train consecutive annual train event collective evaluation train year equate approximately drill day train collective evaluation either xctc ctc note neither schedule provide arng unit necessary time satisfactorily meet cusr objective rat requirement even ignore myriad mandatory train impose concurrently unit train year study conclude standard ac company day available train per year however company day 
16,"Topic_16: train, unit, readiness",3,doc_AY2017_370_para_1579_11169.txt,3.7947006704451653,7.058333333333334,0.3669182949821863,role expansion increase commitment rc generate policy concern reform necessity order maintain current operational reserve capacity capability current rc unable sustain operational reserve current train model construct date back militia act also know efficiency militia act amend increase amount train period annual train day stay proficient myriad task mission rc member attend schedule drill train period equivalent hour per period total full train day fiscal year give full day work furthermore law
16,"Topic_16: train, unit, readiness",4,doc_AY2016_302_para_1124_7972.txt,3.7706250802804724,7.079545454545454,0.3764947429224699,step station train also enable unit prepare train higher level get mobilize arrive mobilization train center usar unit train metric define need achieve desire readiness level challenge fit requirement train model tucker first army commander acknowledge need army reserve need day train year order truly operational force firmly believe go maintain army reserve operational reserve go give day train day year day annual train one weekend month enough also accompany challenge think opportunity u focus
16,"Topic_16: train, unit, readiness",5,doc_AY2019_387_para_2285_15988.txt,3.770409803111889,7.052631578947368,0.23431629000216736,new sr force generation process require higher level standardize train across achieve collective unit train proficiency require collective presence sufficient deployable personnel meet collective train standard sufficient man require train key enabler accessibility rc postulate ngb posture statement qdr achieve accessibility arng force rotational mission require consideration unique arng constraint associate reserve status army study identify regardless component excess army mandatory train give
17,"Topic_17: sfa, advisor, operation",1,doc_AY2019_357_para_2256_15787.txt,3.7615224125232105,7.0479452054794525,0.13905492150050375,example sergeant jack dunn combat medic specialist explain want forefront new army initiative set standard unit sixth stage kotter process transformative change generate win leader must look opportunity provide visible result progress organizational two primary example illustrate capitalization accomplishment regard sfab implementation first train doctrine command reinforce momentum institutionalization simultaneously address issue assertiveness update security cooperation doctrine reflect imple
17,"Topic_17: sfa, advisor, operation",2,doc_AY2019_357_para_2256_15786.txt,3.260379291029279,6.0606060606060606,0.28080975797638424,army immediately develop aside primary purpose build partner capacity army cite four ancillary advantage create dedicate organization commit security cooperation advantage strengthen underlie premise create sfab execution order underscore strategic necessity help generate buy senior leader across army first sfab preserve readiness brigade combat team ability conduct traditional combat operation otherwise term decisive action military advisor would temporarily detail brigade previous year increas
17,"Topic_17: sfa, advisor, operation",3,doc_AY2014_021_para_20_152.txt,3.205520951857979,6.066666666666666,0.15729206174881866,sfa conduct many level continuously officer minister defense individual soldier security force officer sfa include institutional organizational operational level task include generate new military police force advise assist train force institutional level staff collective individual level equip formation build rebuild infrastructure as capability throughout process critical task well train assist tactical level include embed host nation force assume risk often partnership direct contact engageme
17,"Topic_17: sfa, advisor, operation",4,doc_AY2021_030_para_2568_18009.txt,2.7650235587949163,5.032894736842105,0.1619206345795443,increase personnel likely option sfab leader planner must mitigate risk augmentation internal realignments could integrity organization reputation across force benefit support additional question consider may address multiple concern even outside organization category sfac subordinate sfabs currently assign forscom higher headquarter give current likely challenge unit modernization force management regional alignment associate area would sfac realignment special operation command improve sfab ab
17,"Topic_17: sfa, advisor, operation",5,doc_AY2022_102_para_2813_19688.txt,2.724837834456112,5.040322580645161,0.08156070266732773,rather deliver materiel support augment fsf capability sfabs focus strengthen defense institution foster train help fsf develop local solution sfab institution little enable civil authority activity increase economic strength improve partner responsibility follow page describe sfab adaptation regional civilian advisor corp rcac prescriptive instead present visualization way mean usg pursue foster strong reliable responsible partner reclaim position partner choice abbreviate analysis document dem
18,"Topic_18: reserve, support, army",1,doc_AY2018_102_para_1697_11971.txt,4.835808163107302,9.077586206896552,0.3492456011622698,paper discus fund require army reserve meet train objective increase readiness level significant achieve army standard mobilization additional personnel train resource require fund army reserve essential unique component total force provide specific capability necessary mobilization total force mobilization ensure army plan execute operation use input component wartime capability win war army reserve one pillar system total force army comprise one million soldier reserve component army reserve a
18,"Topic_18: reserve, support, army",2,doc_AY2023_093_para_3041_21270.txt,4.285102788894155,8.068376068376068,0.29327906741120857,reserve component force across usar arng mobilize authority operation noble eagle iraqi freedom endure freedom new dawn inherent president unite state invoke presidential reserve title u code section persian gulf war haiti bosnia iraq several occasion last authority allow involuntary mobilization select reserve include individual ready reserve reserve significant increase active force structure percent select reserve number soldier could use regularly improve reserve component soldier experience
18,"Topic_18: reserve, support, army",3,doc_AY2023_149_para_3096_21651.txt,4.285102788894155,8.068376068376068,0.29327906741120857,reserve component force across usar arng mobilize authority operation noble eagle iraqi freedom endure freedom new dawn inherent president unite state invoke presidential reserve title u code section persian gulf war haiti bosnia iraq several occasion last authority allow involuntary mobilization select reserve include individual ready reserve reserve significant increase active force structure percent select reserve number soldier could use regularly improve reserve component soldier experience
18,"Topic_18: reserve, support, army",4,doc_AY2018_119_para_1714_12081.txt,4.284707095331415,8.075471698113208,0.3203639243643116,title status guardsman federalize longer command control governor level unite state code define maximum deployable number level approval authority finite time limit duty national guard asset federalize title govern fund federal government code soldier commonly mobilize section provide augmentation active force preplanned mission support combatant command determine need augmentation reserve component soldier reside individual service secretary secretary defense order unit active duty without cons
18,"Topic_18: reserve, support, army",5,doc_AY2018_038_para_1633_11527.txt,4.270214392808905,8.068965517241379,0.21105947028255667,army regulation service obligation method fulfillment participation requirement enforcement provision provide maximum distance army national guard unite state arngus unite state army reserve soldier may travel involuntarily residence inactive duty train idt train site must within radius idt site accordingly officer may select unit best fit within personal civilian professional lifestyle officer primarily within context career development exist force mechanism direct transfer move officer career 
19,"Topic_19: sustainment, combat, requirement",1,doc_AY2014_130_para_129_923.txt,4.7969363646637575,9.04109589041096,0.25462806486092593,cold war plan provide force developer clear plan method give planner specific threat mission requirement determine justify size force structure past several decade major theater war mtws influence force planner assume past scenario would reoccur future army influence mtw scenario construct historically plan modernize force structure assumption mobilize potentially deploy operate assumption army would need equip tactical unit full deployment national defense perspective military must prepare thre
19,"Topic_19: sustainment, combat, requirement",2,doc_AY2018_002_para_1597_11294.txt,3.706200866593981,7.045751633986928,0.2306121181970094,past year army predominantly focus warfighting base modular force enjoy robust force structure establish forward operate base across maneuverable terrain supply chain army transition modular force allow leader understand better sustainment role future fight impact maintain ability fight tonight sustainment capability adversary national security strategy n identify adversary guide readiness effort although unlikely directly engage china russia iran north korea budget requirement sustainment opera
19,"Topic_19: sustainment, combat, requirement",3,doc_AY2019_394_para_2292_16045.txt,3.6950109486046947,7.047297297297297,0.204204299516787,finally discus several modernization priority relate land domain aspect multi domain operation concept observation recommendation provide throughout paper emergence great power unite state emerge world war ii dominant military power world dominance enable nuclear capability physical presence military force across globe follow decade increase ability project land sea air power anywhere world within hour day become crucial capability enable grand strategy increase protect democratic freedom prospe
19,"Topic_19: sustainment, combat, requirement",4,doc_AY2016_315_para_1137_8067.txt,3.6694711336771646,7.044025157232705,0.12284164818250637,give overall shortage abcts examine abct force structure demand equipment set challenge modernization requirement lead five specific recommendation consideration alleviate abct capacity shortage recommendation include call forward station abct europe creation new minimally man equip structure option better utilize exist army force structure support abct mission september attack world trade center underscore necessity army transition swiftly army peace wartime operational expeditionary force ten 
19,"Topic_19: sustainment, combat, requirement",5,doc_AY2023_098_para_3046_21316.txt,3.1741036128692035,6.031413612565445,0.07681090410981747,new guidance move initial delivery date inductee target although never explicitly state irr expect serve strategic personnel bridge draft additional six month longest timespan like gate commission recommendation initiate avf revise dod guidance s issue backdrop large robust irr recently exceed expectation operation desert storm irr brim hundred thousand draftee complete mso sizeable irr temporarily inflate due steep war reduction active duty due vicissitude military service lifecycles abnormally
20,"Topic_20: equipment, maintenance, support",1,doc_AY2019_164_para_2063_14469.txt,3.7637095681726915,7.03954802259887,0.1464518562441869,army research development engineer command create employ experimental equipment exercise see equipment perform change need make final print one primary function portable facility mobilize two large three small printer designate use create new replacement part use archive database exist design repository additive part tactical operational readiness raptor soldier receive train print picatinny arsenal new jersey learn technology set portable print print capability soldier skill learn picatinny ars
20,"Topic_20: equipment, maintenance, support",2,doc_AY2020_158_para_2451_17186.txt,3.759863024655638,7.080459770114943,0.4121104653272229,afsbs afsbns multitude capability include sustainment management supply deployment army materiel command amc along subordinate organization service national sustainment integrator lead strategic maintenance supply joint organization transportation command ustranscom subordinate air mobility military sealift command provide strategic lift defense logistics agency primacy provide common consumable depot remove equipment organization repair return army supply organization describe provide reference
20,"Topic_20: equipment, maintenance, support",3,doc_AY2021_018_para_2556_17938.txt,3.7427945260230073,7.072164948453608,0.2793432029570412,army transform maintenance structure reduce redundancy provide forward repair capability include sustainment theater combat formation army field support brigade afsb consist small staff rely civilian logistics augmentation representative contract maintenance worker augment unit field maintenance activity provide sustainment maintenance combat afsb provide capability reach force reduction measure need large army force drawdowns afsb vital component manage battlefield maintenance sustainment footp
20,"Topic_20: equipment, maintenance, support",4,doc_AY2023_056_para_3004_21003.txt,3.700823172217641,7.061946902654867,0.12495361508856934,achieve aim require standardize army joint doctrine system system include fire support platform logistic asset allow fire complex achieve corp desire effect fa bde ability mass effect corp deep area operation largely impact division fa bde utilize joint fire capability foundation joint fire complex enable capability gap amateur study strategy professional study logistics army modernization priority skip essential field artillery brigade infrastructure requirement gap instead focus prioritize new
20,"Topic_20: equipment, maintenance, support",5,doc_AY2021_018_para_2556_17940.txt,3.2664551223428298,6.05,0.2569716199306448,specifically must examine number allocate resource maintenance organization within division area resourcing employment sustainment level maintenance activity expeditionary operation one army solution invest maintenance force structure reduce risk combat formation ability sustain equipment grind combat operation without return redundancy unit cold army reinvesting maintenance force structure division level still investment go far enough address gap prepare scale grind combat operation army capabi
